{
    "classes": [
        {
            "className": "Skin",
            "methods": [
                {
                    "access": "public",
                    "arguments": [
                        {
                            "name": "newBackImage",
                            "type": "QString"
                        }
                    ],
                    "name": "setBackImage",
                    "returnType": "void"
                }
            ],
            "object": true,
            "properties": [
                {
                    "constant": false,
                    "designable": true,
                    "final": false,
                    "index": 0,
                    "name": "backImage",
                    "notify": "backImageChanged",
                    "read": "backImage",
                    "required": false,
                    "scriptable": true,
                    "stored": true,
                    "type": "QString",
                    "user": false,
                    "write": "setBackImage"
                }
            ],
            "qualifiedClassName": "Skin",
            "signals": [
                {
                    "access": "public",
                    "name": "backImageChanged",
                    "returnType": "void"
                }
            ],
            "superClasses": [
                {
                    "access": "public",
                    "name": "QObject"
                }
            ]
        }
    ],
    "inputFile": "skin.h",
    "outputRevision": 68
}
