{
	"BUILD_DIR" : "/home/zirer/zirerfile/QtProjects/blackjack/build/Desktop_Qt_6_8_0_64-Release/appblackjack_autogen",
	"CMAKE_BINARY_DIR" : "/home/zirer/zirerfile/QtProjects/blackjack/build/Desktop_Qt_6_8_0_64-Release",
	"CMAKE_CURRENT_BINARY_DIR" : "/home/zirer/zirerfile/QtProjects/blackjack/build/Desktop_Qt_6_8_0_64-Release",
	"CMAKE_CURRENT_SOURCE_DIR" : "/home/zirer/zirerfile/QtProjects/blackjack",
	"CMAKE_SOURCE_DIR" : "/home/zirer/zirerfile/QtProjects/blackjack",
	"CROSS_CONFIG" : false,
	"GENERATOR" : "Ninja",
	"INCLUDE_DIR" : "/home/zirer/zirerfile/QtProjects/blackjack/build/Desktop_Qt_6_8_0_64-Release/appblackjack_autogen/include",
	"INPUTS" : 
	[
		"/home/zirer/zirerfile/QtProjects/blackjack/king_of_spades.png",
		"/home/zirer/zirerfile/QtProjects/blackjack/queen_of_hearts.png",
		"/home/zirer/zirerfile/QtProjects/blackjack/5_of_hearts.png",
		"/home/zirer/zirerfile/QtProjects/blackjack/9_of_clubs.png",
		"/home/zirer/zirerfile/QtProjects/blackjack/table.jpg",
		"/home/zirer/zirerfile/QtProjects/blackjack/jack_of_diamonds.png",
		"/home/zirer/zirerfile/QtProjects/blackjack/6_of_spades.png",
		"/home/zirer/zirerfile/QtProjects/blackjack/7_of_spades.png",
		"/home/zirer/zirerfile/QtProjects/blackjack/gray_back.png",
		"/home/zirer/zirerfile/QtProjects/blackjack/king_of_clubs.png",
		"/home/zirer/zirerfile/QtProjects/blackjack/king_of_diamonds.png",
		"/home/zirer/zirerfile/QtProjects/blackjack/6_of_diamonds.png",
		"/home/zirer/zirerfile/QtProjects/blackjack/5_of_diamonds.png",
		"/home/zirer/zirerfile/QtProjects/blackjack/7_of_clubs.png",
		"/home/zirer/zirerfile/QtProjects/blackjack/7_of_hearts.png",
		"/home/zirer/zirerfile/QtProjects/blackjack/10_of_spades.png",
		"/home/zirer/zirerfile/QtProjects/blackjack/ace_of_clubs.png",
		"/home/zirer/zirerfile/QtProjects/blackjack/jack_of_clubs.png",
		"/home/zirer/zirerfile/QtProjects/blackjack/3_of_diamonds.png",
		"/home/zirer/zirerfile/QtProjects/blackjack/2_of_spades.png",
		"/home/zirer/zirerfile/QtProjects/blackjack/3_of_spades.png",
		"/home/zirer/zirerfile/QtProjects/blackjack/9_of_diamonds.png",
		"/home/zirer/zirerfile/QtProjects/blackjack/queen_of_clubs.png",
		"/home/zirer/zirerfile/QtProjects/blackjack/10_of_hearts.png",
		"/home/zirer/zirerfile/QtProjects/blackjack/queen_of_diamonds.png",
		"/home/zirer/zirerfile/QtProjects/blackjack/7_of_diamonds.png",
		"/home/zirer/zirerfile/QtProjects/blackjack/3_of_hearts.png",
		"/home/zirer/zirerfile/QtProjects/blackjack/4_of_hearts.png",
		"/home/zirer/zirerfile/QtProjects/blackjack/9_of_spades.png",
		"/home/zirer/zirerfile/QtProjects/blackjack/5_of_clubs.png",
		"/home/zirer/zirerfile/QtProjects/blackjack/2_of_hearts.png",
		"/home/zirer/zirerfile/QtProjects/blackjack/5_of_spades.png",
		"/home/zirer/zirerfile/QtProjects/blackjack/10_of_diamonds.png",
		"/home/zirer/zirerfile/QtProjects/blackjack/10_of_clubs.png",
		"/home/zirer/zirerfile/QtProjects/blackjack/queen_of_spades.png",
		"/home/zirer/zirerfile/QtProjects/blackjack/ace_of_hearts.png",
		"/home/zirer/zirerfile/QtProjects/blackjack/3_of_clubs.png",
		"/home/zirer/zirerfile/QtProjects/blackjack/jack_of_spades.png",
		"/home/zirer/zirerfile/QtProjects/blackjack/2_of_diamonds.png",
		"/home/zirer/zirerfile/QtProjects/blackjack/king_of_hearts.png",
		"/home/zirer/zirerfile/QtProjects/blackjack/8_of_hearts.png",
		"/home/zirer/zirerfile/QtProjects/blackjack/2_of_clubs.png",
		"/home/zirer/zirerfile/QtProjects/blackjack/jack_of_hearts.png",
		"/home/zirer/zirerfile/QtProjects/blackjack/4_of_clubs.png",
		"/home/zirer/zirerfile/QtProjects/blackjack/4_of_spades.png",
		"/home/zirer/zirerfile/QtProjects/blackjack/9_of_hearts.png",
		"/home/zirer/zirerfile/QtProjects/blackjack/ace_of_spades.png",
		"/home/zirer/zirerfile/QtProjects/blackjack/8_of_clubs.png",
		"/home/zirer/zirerfile/QtProjects/blackjack/4_of_diamonds.png",
		"/home/zirer/zirerfile/QtProjects/blackjack/8_of_spades.png",
		"/home/zirer/zirerfile/QtProjects/blackjack/ace_of_diamonds.png",
		"/home/zirer/zirerfile/QtProjects/blackjack/6_of_hearts.png",
		"/home/zirer/zirerfile/QtProjects/blackjack/8_of_diamonds.png",
		"/home/zirer/zirerfile/QtProjects/blackjack/back_green.png",
		"/home/zirer/zirerfile/QtProjects/blackjack/back_black.png",
		"/home/zirer/zirerfile/QtProjects/blackjack/6_of_clubs.png",
		"/home/zirer/zirerfile/QtProjects/blackjack/card back black.png",
		"/home/zirer/zirerfile/QtProjects/blackjack/swish.m4a",
		"/home/zirer/zirerfile/QtProjects/blackjack/fon.mp3",
		"/home/zirer/zirerfile/QtProjects/blackjack/creative-technology-showreel-241274.mp3"
	],
	"LOCK_FILE" : "/home/zirer/zirerfile/QtProjects/blackjack/build/Desktop_Qt_6_8_0_64-Release/CMakeFiles/appblackjack_autogen.dir/AutoRcc_resources_EWIEGA46WW_Lock.lock",
	"MULTI_CONFIG" : false,
	"OPTIONS" : [ "-name", "resources" ],
	"OUTPUT_CHECKSUM" : "EWIEGA46WW",
	"OUTPUT_NAME" : "qrc_resources.cpp",
	"RCC_EXECUTABLE" : "/home/zirer/Qt/6.8.0/gcc_64/./libexec/rcc",
	"RCC_LIST_OPTIONS" : [ "--list" ],
	"SETTINGS_FILE" : "/home/zirer/zirerfile/QtProjects/blackjack/build/Desktop_Qt_6_8_0_64-Release/CMakeFiles/appblackjack_autogen.dir/AutoRcc_resources_EWIEGA46WW_Used.txt",
	"SOURCE" : "/home/zirer/zirerfile/QtProjects/blackjack/resources.qrc",
	"USE_BETTER_GRAPH" : true,
	"VERBOSITY" : 0
}
